chain_name_exact,product,status,basis,evidence_tier,evidence_date,evidence_source,model,note
AAFES (Army & Air Force Exchange),NeeDoh,likely,first_party_or_sighting,moderate,2026-06,https://www.mynavyexchange.com/schylling-nee-doh-shaggy-fidget-toy/16799507?srsltid=AfmBOorMvRXfPGDS92AOCLvd7etAvBkZC0xGxkSYVrS32ztMCy_LVDvs,manus,"NeeDoh products are carried by NEX (Navy Exchange), a sister brand."
AAFES (Army & Air Force Exchange),One Piece TCG,confirmed,first_party_or_sighting,strong,2025-03,https://www.reddit.com/r/OnePieceTCG/comments/11r6z3e/any_luck_on_military_px_one_piece_tcg_products/,manus,Reddit post mentions ST-05 Shanks FILM deck at military PX. [also seen 2025-03]
AAFES (Army & Air Force Exchange),Pokemon TCG,confirmed,first_party_or_sighting,first_party,2026-06,https://www.shopmyexchange.com/pokemon-scarlet-violet-151-elite-trainer-box-3692491/3692491,manus,"Pokemon Scarlet Violet 151 Elite Trainer Box, currently out of stock."
AAFES (Army & Air Force Exchange),Sports Cards,confirmed,first_party_or_sighting,strong,2025-02,https://www.facebook.com/groups/ManiaClub/posts/4040772382866320/,manus,Facebook post confirms Topps chrome cards at PX.
Academy Sports + Outdoors,Magic: The Gathering,confirmed,first_party_or_sighting,first_party,2026-06,https://www.academy.com/p/magic-the-gathering-teenage-mutant-ninja-turtles-trading-cards-play-booster-pack,manus,Magic: the Gathering Teenage Mutant Ninja Turtles Trading Cards Play Booster Pack listed on website.
Academy Sports + Outdoors,Pokemon TCG,confirmed,first_party_or_sighting,first_party,2026-06,https://www.academy.com/p/pok-mon-trading-card-game-scarlet-violet-9-journey-together-enhanced-booster-display-pack,manus,Scarlet & Violet 9 Journey Together Enhanced Booster Display Pack listed on website.
Academy Sports + Outdoors,Sports Cards,confirmed,first_party_or_sighting,first_party,2026-06,https://www.academy.com/p/panini-2024-basketball-mosaic-trading-cards-blaster-box,manus,Panini 2024 Basketball Mosaic Trading Cards Blaster Box listed on website.
Ace Hardware,Disney Lorcana,confirmed,first_party_or_sighting,strong,2026-04,https://www.instagram.com/reel/DW9W0iBjkr0/,manus,Instagram reel from Rockport Ace Hardware mentioning Lorcana.
Ace Hardware,Magic: The Gathering,confirmed,first_party_or_sighting,first_party,2026-06,https://www.acehardware.com/brands/magic,manus,Magic brand listed on official website.
Ace Hardware,NeeDoh,confirmed,user_confirmed,first_party,2026-06,https://www.acehardware.com/brands/Needoh,manus,NeeDoh brand listed on official website.
Ace Hardware,Pokemon TCG,confirmed,user_confirmed,first_party,2026-06,https://www.acehardware.com/pokemon-cards,manus,Listed on official website.
Ace Hardware,Sports Cards,confirmed,first_party_or_sighting,first_party,2026-06,https://www.acehardware.com/brands/Topps,manus,Topps brand listed on official website.
Ace Hardware,Squishmallows,confirmed,first_party_or_sighting,first_party,2026-06,https://www.acehardware.com/brands/Squishmallows,manus,Squishmallows brand listed on official website.
Ace Hardware,Yu-Gi-Oh,likely,stale_sighting,strong,2019-12,https://www.facebook.com/groups/BoardGameSpotlight/posts/3051345528227883/,manus,Facebook post mentioning Yu-Gi-Oh at an Ace Hardware store.
Albertsons,Magic: The Gathering,confirmed,first_party_or_sighting,strong,2026-05,https://www.facebook.com/groups/magicarenamtg/posts/2039469366695721/,manus,Safeway carries Magic: The Gathering packs.
Albertsons,NeeDoh,confirmed,first_party_or_sighting,first_party,2026-06,https://www.albertsons.com/shop/product-details.971311032.html,manus,Albertsons online store lists Schylling NeeDoh Nice Cube.
Albertsons,One Piece TCG,likely,distributor_inference,strong,2024-11,https://www.tiktok.com/@jasonpaige/video/7434180807817825579,manus,Vons vending machine listed One Piece TCG.
Albertsons,Pokemon TCG,confirmed,first_party_or_sighting,strong,2025-11,https://www.facebook.com/groups/nonsportscardsnonsense/posts/1668176720523222/,manus,151 booster bundle found in stock at Albertsons. [also seen 2025-11]
Albertsons,Sports Cards,confirmed,first_party_or_sighting,first_party,2026-06,https://www.albertsons.com/shop/product-details.971053611.html,manus,Albertsons online store lists Topps 2024 MLB Series 2 Fat Pack.
Albertsons,Squishmallows,confirmed,first_party_or_sighting,first_party,2026-06,https://www.albertsons.com/shop/product-details.971216826.html,manus,Albertsons online store lists Squishmallows.
Aldi,Disney Lorcana,confirmed,distributor_inference,strong,2023-09,https://www.facebook.com/groups/lorcanaindianapolis/posts/1030244584648033/,manus,User reports going to 7 Aldi's looking for Aladdin and Moana Disney Lorcana starters.
Aldi,Magic: The Gathering,confirmed,distributor_inference,first_party,2023-12,https://www.instagram.com/p/C0jcT42iHN4/,manus,Magic the Gathering found in Aldi aisle.
Aldi,NeeDoh,confirmed,first_party_or_sighting,strong,2026-04,https://www.tiktok.com/@colaposh/video/7630983799202942238,manus,TikTok video shows NeeDoh stress balls at Aldi.
Aldi,One Piece TCG,confirmed,first_party_or_sighting,strong,2026-03,https://www.tiktok.com/@jamtcg/video/7619471385257053462,manus,TikTok video shows One Piece TCG at Aldi.
Aldi,Pokemon TCG,confirmed,first_party_or_sighting,strong,2026-04,https://www.facebook.com/groups/934178940758477/posts/2133740827468943/,manus,Aldi selling tins of Pokémon cards in Western New York.
Aldi,Sports Cards,confirmed,first_party_or_sighting,strong,2025-08,https://www.tiktok.com/@brick_on_the_tracks/video/7539570534586027286,manus,TikTok video shows Topps Premier League cards at Aldi.
Aldi,Squishmallows,confirmed,first_party_or_sighting,strong,2025-11,https://www.reddit.com/r/squishmallow/comments/1p2n9w2/squish_tote_bags_and_backpacks_at_aldi/,manus,Aldi (USA) selling Squishmallow backpacks and tote bags.
BJ's Wholesale,Magic: The Gathering,confirmed,first_party_or_sighting,strong,2025-08,https://www.facebook.com/groups/magicarenamtg/posts/1760442587931735/,manus,Facebook post discussing Magic cards at BJ's. [also seen 2025-08]
BJ's Wholesale,NeeDoh,confirmed,first_party_or_sighting,strong,2026-02,https://www.tiktok.com/content/b-j-wholesale-club-needohs?lang=en,manus,TikTok video mentioning NeeDoh restock at BJ's.
BJ's Wholesale,One Piece TCG,confirmed,first_party_or_sighting,strong,2026-06,https://mashable.com/life/june-16-one-year-the-club-card-membership-with-bjs-easy-renewal,manus,Article mentioning One Piece TCG deals at BJ's.
BJ's Wholesale,Pokemon TCG,confirmed,first_party_or_sighting,first_party,2026-01,https://www.instagram.com/p/DLh6S-ksEZb/,manus,Instagram post confirming in-store drops of Pokemon TCG. [also seen 2026-01]
BJ's Wholesale,Sports Cards,confirmed,first_party_or_sighting,strong,2025-11,https://www.facebook.com/groups/sportscardsnonsense/posts/1618756262442369/,manus,Facebook post confirming BJ's entry into sports card market with Topps and Panini products. [also seen 2025-11]
BJ's Wholesale,Squishmallows,confirmed,first_party_or_sighting,strong,2025-03,https://www.tiktok.com/@bjs_wholesale_club/video/7346399090900006174,manus,TikTok video from official BJ's account showing Squishmallows.
BJ's Wholesale,Yu-Gi-Oh,confirmed,first_party_or_sighting,strong,2025-08,https://www.youtube.com/watch?v=Tnn2WkHPiY4,manus,YouTube video showing purchase of Yugioh packs at BJ's. [also seen 2025-08]
Barnes & Noble,Disney Lorcana,confirmed,vendor+user,strong,2023-10,https://www.facebook.com/groups/lorcanatcg/posts/862447091930326/,manus,Facebook post about Disney Lorcana behind counters. [also seen 2023-10]
Barnes & Noble,Magic: The Gathering,confirmed,vendor+user,strong,2025-07,https://www.reddit.com/r/MagicCardPulls/comments/1m963by/check_your_local_barnes_n_noble/,manus,Reddit post about finding Magic: The Gathering products at Barnes & Noble.
Barnes & Noble,NeeDoh,confirmed,vendor+user,first_party,2026-04,https://www.instagram.com/p/DUtmaaWEdHw/,manus,Instagram post announcing NeeDoh back in stock. [also seen 2026-04]
Barnes & Noble,One Piece TCG,confirmed,vendor+user,strong,2026-04,https://www.reddit.com/r/OnePieceTCG/comments/16s4eex/shoutout_barnes_noble_didnt_pull_anything_crazy/,manus,Reddit post about finding One Piece TCG at Barnes & Noble. [also seen 2026-04]
Barnes & Noble,Pokemon TCG,confirmed,vendor+user,strong,2026-05,https://www.facebook.com/mtgic/posts/i-always-find-pok%C3%A9mon-cards-at-barnes-and-nobles-since-they-have-strict-limits-l/1563564118478345/,manus,Found Pokemon cards at Barnes & Noble. [also seen 2026-05]
Barnes & Noble,Sports Cards,confirmed,vendor+user,strong,2026-04,https://www.facebook.com/groups/sportscardsnonsense/posts/1582404159410913/,manus,Facebook post about Barnes & Noble carrying sports cards. [also seen 2026-04]
Barnes & Noble,Squishmallows,confirmed,vendor+user,first_party,2026-03,https://www.instagram.com/p/DV3rRznAGSn/,manus,Instagram post showing Squishmallows at Barnes & Noble.
Barnes & Noble,Yu-Gi-Oh,confirmed,vendor+user,strong,2023-09,https://www.reddit.com/r/yugioh/comments/16l1g9p/does_barnes_and_noble_sell_yugioh_cards/,manus,"User asking if B&N sells Yu-Gi-Oh, with some positive responses."
Best Buy,Disney Lorcana,confirmed,first_party_or_sighting,first_party,2026-06,https://www.bestbuy.com/site/searchpage.jsp?st=Disney+Lorcana,manus,Best Buy website lists Disney Lorcana products.
Best Buy,Magic: The Gathering,confirmed,first_party_or_sighting,first_party,2026-06,https://www.bestbuy.com/site/searchpage.jsp?st=Magic%3A+The+Gathering,manus,Best Buy website has a dedicated section and product listings for Magic: The Gathering.
Best Buy,NeeDoh,confirmed,first_party_or_sighting,first_party,2026-06,https://www.bestbuy.com/site/searchpage.jsp?st=NeeDoh,manus,Best Buy website lists NeeDoh products.
Best Buy,One Piece TCG,confirmed,first_party_or_sighting,first_party,2026-06,https://www.bestbuy.com/site/searchpage.jsp?st=One+Piece+TCG,manus,Best Buy website lists One Piece TCG products.
Best Buy,Pokemon TCG,confirmed,first_party_or_sighting,first_party,2026-06,https://www.bestbuy.com/site/searchpage.jsp?st=pokemon+tcg+sealed+packs,manus,"Best Buy website lists various genuine Pokemon TCG products including sealed packs, ETBs, tins, blisters, and bundles."
Best Buy,Sports Cards,confirmed,first_party_or_sighting,first_party,2026-06,https://www.bestbuy.com/site/searchpage.jsp?st=Sports+Cards+Topps+Panini,manus,Best Buy website lists Sports Cards from Topps/Panini.
Best Buy,Squishmallows,confirmed,first_party_or_sighting,first_party,2026-06,https://www.bestbuy.com/site/searchpage.jsp?st=Squishmallows,manus,Best Buy website lists Squishmallows products.
Best Buy,Yu-Gi-Oh,confirmed,first_party_or_sighting,first_party,2026-06,https://www.bestbuy.com/site/searchpage.jsp?st=Yu-Gi-Oh,manus,Best Buy website lists Yu-Gi-Oh products.
Bi-Mart,NeeDoh,confirmed,first_party_or_sighting,strong,2026-12,https://www.instagram.com/popular/bi-mart-needoh/,manus,New NeeDoh releases coming late 2026
Bi-Mart,Pokemon TCG,confirmed,first_party_or_sighting,strong,2026-06,https://www.youtube.com/watch?v=xk3LknYDdic,manus,Ascended Heroes ETB and packs [also seen 2026-06]
Bi-Mart,Sports Cards,likely,stale_sighting,strong,2024-08,https://www.reddit.com/r/sportscards/comments/1eyosou/wemby_11_optic_pulled_in_bimart_pack/,manus,Wemby 1/1 Optic pulled from Bi-Mart pack
Bi-Mart,Squishmallows,confirmed,first_party_or_sighting,strong,2026-02,https://www.instagram.com/reel/DVGl8YwkTtZ/?hl=en,manus,New Easter/Spring Squishmallows found
Big 5 Sporting Goods,Magic: The Gathering,likely,stale_sighting,strong,2014-04,https://www.reddit.com/r/magicTCG/comments/22d52c/walked_into_big_5_sporting_goods_for_tennis_balls/,manus,Noticed an odd packaging of MTG cards on their rack of impulse buys.
Big 5 Sporting Goods,NeeDoh,confirmed,first_party_or_sighting,strong,2026-06,https://www.tiktok.com/discover/do-they-sell-needohs-at-big-5-sporting-goods,manus,Discover where to buy Needoh stress balls at Big 5 Sporting Goods.
Big 5 Sporting Goods,Pokemon TCG,confirmed,user_confirmed,first_party,2026-04,https://www.instagram.com/p/CokmfJSLLiA/?hl=en,manus,Calling all Pokemon lovers! Pokemon Trading cards are now available at Big 5. [also seen 2026-04]
Big 5 Sporting Goods,Sports Cards,confirmed,user_confirmed,strong,2024-09,https://www.facebook.com/groups/sportscardsnonsense/posts/1359291601722171/,manus,"Big 5's selection is decent, but overpriced, with Chrome being a notable option, albeit $10 over retail."
Big 5 Sporting Goods,Yu-Gi-Oh,confirmed,first_party_or_sighting,strong,2026-06,https://www.yelp.com/biz/big-5-sporting-goods-redmond-3,manus,"They have some stuff that you wouldn't expect, like Yu-Gi-Oh! cards."
Blain's Farm & Fleet,NeeDoh,likely,first_party_or_sighting,first_party,2026-06,https://www.farmandfleet.com/brands/nee-doh/,manus,"Blain's Farm & Fleet website has a brand page for Nee-Doh, indicating they carry the brand, though specific product carry status was blocked by bot detection."
Blain's Farm & Fleet,Pokemon TCG,confirmed,first_party_or_sighting,strong,2025-12,https://www.facebook.com/BlainsFarmandFleetLovesPark/videos/yep-we-sell-trading-cards-pok%C3%A9mon-topps-more-waiting-for-you-at-blains/1141881884420891/,manus,Facebook video post explicitly states they sell Pokemon trading cards.
Blain's Farm & Fleet,Sports Cards,confirmed,first_party_or_sighting,strong,2025-12,https://www.facebook.com/BlainsFarmandFleetLovesPark/videos/yep-we-sell-trading-cards-pok%C3%A9mon-topps-more-waiting-for-you-at-blains/1141881884420891/,manus,Facebook video post explicitly states they sell Topps trading cards.
Books-A-Million,Disney Lorcana,likely,stale_sighting,first_party,2024-06,https://www.booksamillion.com/search2?query=trading%20cards&filters[product_type]=Gifts,manus,BAM website mentions
Books-A-Million,Pokemon TCG,confirmed,first_party_or_sighting,strong,2026-04,https://www.reddit.com/r/PKMNTCGDeals/comments/1b96jkz/booksamillion_etb_bundle_30_per_etb/,manus,Reddit post confirms in-store sales of ETBs. [also seen 2026-04]
Books-A-Million,Sports Cards,likely,stale_sighting,first_party,2024-06,https://www.booksamillion.com/search2?query=trading%20cards&filters[product_type]=Gifts,manus,BAM website mentions Topps and Panini.
BoxLunch,Pokemon TCG,confirmed,distributor_inference,strong,2022-08,https://www.reddit.com/r/BoxLunchGifts/comments/wxvqjw/does_boxlunch_ever_restock/,manus,Reddit discussion indicates restocks are random with no set schedule.
Buc-ee's,NeeDoh,confirmed,first_party_or_sighting,strong,2026-03,https://www.tiktok.com/discover/does-bucees-have-needohs?lang=en,manus,TikTok search results indicate Buc-ee's sells NeeDoh or similar squishy toys. [also seen 2026-03]
Buc-ee's,Pokemon TCG,confirmed,first_party_or_sighting,strong,2026-06,https://www.reddit.com/r/pokemoncards/comments/1jvu4b9/most_people_dont_know_but_bucees_sells_pokemon/,manus,Employee confirmation of selling Pokemon cards. [also seen 2026-06]
Burlington,NeeDoh,confirmed,first_party_or_sighting,strong,2026-06,https://www.tiktok.com/discover/needoh-at-burlington,manus,TikTok video showing NeeDoh products at Burlington.
Burlington,Pokemon TCG,confirmed,first_party_or_sighting,strong,2025-01,https://www.reddit.com/r/PKMNTCGDeals/comments/kupkeo/picked_this_up_at_burlington_in_the_clearance/,manus,Guardians Rising 3-pack blisters found in clearance. [also seen 2025-01]
Burlington,Squishmallows,confirmed,first_party_or_sighting,first_party,2026-04,https://www.instagram.com/p/CkOg1r4u1Zk/,manus,Instagram post showing Squishmallows finds at Burlington. [also seen 2026-04]
CVS,Magic: The Gathering,confirmed,first_party_or_sighting,first_party,2026-06,https://www.instacart.com/products/73618184?retailerSlug=cvs&from_gpp=true,manus,Instacart listing for MTG product at CVS.
CVS,NeeDoh,confirmed,first_party_or_sighting,first_party,2026-06,https://www.cvs.com/shop/household/toys-books/toys/q/NeeDoh/br,manus,Official CVS product listing for NeeDoh toys.
CVS,One Piece TCG,confirmed,first_party_or_sighting,strong,2026-04,https://www.facebook.com/groups/4006635866259134/posts/4420119968244053/,manus,User found One Piece TCG packs at CVS. [also seen 2026-04]
CVS,Pokemon TCG,confirmed,first_party_or_sighting,first_party,2026-06,https://www.cvs.com/shop/pok-mon-poke-ball-tin-with-3-trading-card-packs-coin-blind-capsule-prodid-444357,manus,Official CVS product listing for Pokemon Poke Ball Tin.
CVS,Sports Cards,confirmed,first_party_or_sighting,strong,2025-11,https://www.reddit.com/r/footballcards/comments/1ep19db/random_cvs_pull/,manus,Reddit user found 2022 Donruss football cards at CVS. [also seen 2025-11]
CVS,Squishmallows,confirmed,first_party_or_sighting,first_party,2026-06,https://www.cvs.com/shop/household/toys-books/toys/q/Squishmallows/br,manus,Official CVS product listing for Squishmallows.
Claire's,Pokemon TCG,confirmed,distributor_inference,strong,2023-10,https://www.reddit.com/r/pokemoncards/comments/17e245g/claires_upcharge_is_crazyyy/,manus,"Reddit discussion confirms Claire's sells Pokemon cards, but notes significant upcharge and implies potential issues with sourcing/authenticity (not explicitly genuine sealed)."
Costco,Magic: The Gathering,confirmed,first_party_or_sighting,strong,2025-06,https://www.reddit.com/r/TCG/comments/1lmthzc/mtg_cards_at_costco/,manus,MTG Commander decks and boosters confirmed.
Costco,NeeDoh,likely,stale_sighting,strong,2024-02,https://www.tiktok.com/discover/nee-doh-at-costco-canada,manus,"NeeDoh restock in Canada, implies carry."
Costco,Pokemon TCG,confirmed,first_party_or_sighting,strong,2026-02,https://www.reddit.com/r/PokeInvesting/comments/1l9rney/pokemon_tcg_classic_box_147_at_costco/,manus,Pokemon TCG Classic Box confirmed. [also seen 2026-02]
Costco,Sports Cards,confirmed,first_party_or_sighting,first_party,2026-06,gpt-5.5,gpt-5.5,
Costco,Squishmallows,likely,stale_sighting,strong,2024-02,https://www.tiktok.com/discover/squishmallows-costco-restock,manus,Squishmallows restock confirmed.
Dick's Sporting Goods,NeeDoh,confirmed,first_party_or_sighting,strong,2026-04,https://www.tiktok.com/@kobejoshops/video/7628026366323150093,manus,TikTok video showing NeeDoh hunt at Dick's Sporting Goods.
Dick's Sporting Goods,Pokemon TCG,confirmed,first_party_or_sighting,first_party,2026-03,https://www.instagram.com/p/DVb2eyvgecp/,manus,Upcoming Dick's Sporting Goods Pokemon TCG Drops.
Dick's Sporting Goods,Sports Cards,confirmed,first_party_or_sighting,first_party,2026-06,gpt-5.5,gpt-5.5,
Dollar General,Magic: The Gathering,confirmed,first_party_or_sighting,strong,2025-11,https://www.reddit.com/r/PaymoneyWubby/comments/1d86mqa/magic_cards_at_dollar_store/; https://www.facebook.com/groups/1934353853688299/posts/2374439443013069/; https://www.youtube.com/watch?v=59YsJSwTc2Y,manus,"Multiple dated social media posts and videos confirm the presence of Magic: The Gathering cards at 'dollar stores', including specific mentions of Dollar General in the context of these finds."
Dollar General,One Piece TCG,likely,first_party_or_sighting,strong,2026-01,https://www.reddit.com/r/OnePieceTCG/comments/1npqspc/bulk_commons_at_dollar_store/; https://www.facebook.com/groups/2165901256949581/posts/3026507827555582/; https://www.youtube.com/watch?v=O1MHj5-XKdM; https://www.youtube.com/watch?v=G8KwBvnOME4,manus,"While not explicitly Dollar General, multiple sources indicate One Piece TCG is found at 'dollar stores' generally, suggesting a likelihood of presence at Dollar General."
Dollar General,Pokemon TCG,confirmed,first_party_or_sighting,first_party,2026-03,https://www.dollargeneral.com/c/toys/pokemon; https://www.reddit.com/r/PokemonTCG/comments/1npr4n5/psa_dollar_general_employee_not_every_store/; https://www.facebook.com/groups/418499722960643/posts/1215674993243108/; https://www.youtube.com/watch?v=0N3_Rk0V5OM; https://www.instagram.com/p/DWE2KkuGAM_/,manus,"Dollar General officially lists Pokemon TCG products, and multiple recent social media posts and videos confirm their presence, though availability can vary by store."
Dollar General,Yu-Gi-Oh,confirmed,distributor_inference,first_party,2024-06,https://www.dollargeneral.com/p/shonen-jump-yu-gi-oh-trading-card-game-10-cards-1-rare-card/728192506901,manus,"Dollar General's official website lists Yu-Gi-Oh! Trading Card Game products. Although the specific listing date is unknown, the product itself is current."
Dollar Tree,Magic: The Gathering,confirmed,first_party_or_sighting,strong,2025-01,"https://www.facebook.com/groups/1122228642756612/posts/1172971147682361/, https://www.reddit.com/r/magicTCG/comments/hq8w9/dollar_tree_sells_magic_cards_repackaged/, https://www.mtgsalvation.com/forums/magic-fundamentals/magic-general/326472-dollar-tree-magic, https://www.youtube.com/watch?v=7ne2VMZzyq4",manus,"Magic: The Gathering cards are sold as repacks, not genuine sealed product."
Dollar Tree,Pokemon TCG,confirmed,distributor_inference,strong,2021-01,"https://www.reddit.com/r/pkmntcg/comments/kzpe3t/are_dollar_tree_packs_legit/, https://www.tiktok.com/@pokecentraltiktok/video/7629939463203917069, https://www.instagram.com/reel/DXDOUFgCa_i/, https://www.facebook.com/groups/645504009712227/posts/1894346821494600/",manus,Genuine 3-card packs and sleeved boosters confirmed. Counterfeit warnings also present.
Dollar Tree,Yu-Gi-Oh,confirmed,distributor_inference,moderate,2014-08,https://www.pokecommunity.com/threads/cards-at-dollar-tree.333886/,manus,Yu-Gi-Oh card packs were spotted at Dollar Tree.
Family Dollar,Magic: The Gathering,confirmed,distributor_inference,strong,2024-12,https://www.facebook.com/groups/magicarenamtg/posts/1608862446423084/,manus,User found Magic cards.
Family Dollar,NeeDoh,confirmed,first_party_or_sighting,strong,2026-03,https://www.youtube.com/shorts/5U1XY4ATFXU,manus,Video shows shopping for NeeDoh at Family Dollar.
Family Dollar,Pokemon TCG,confirmed,first_party_or_sighting,strong,2026-04,https://www.reddit.com/r/PokemonTCG/comments/1fzbl3f/family_dollar_packs/,manus,Mentions older packs. [also seen 2026-04]
Family Dollar,Sports Cards,confirmed,first_party_or_sighting,strong,2026-01,https://www.reddit.com/r/baseballcards/comments/1az7lov/bought_the_last_8_1_packs_at_my_family_dollar_and/,manus,User bought $1 Topps packs. [also seen 2026-01]
Family Dollar,Squishmallows,confirmed,first_party_or_sighting,strong,2026-06,https://www.reddit.com/r/squishmallow/comments/1qj9hao/squishmallow_in_family_dollar/,manus,User found Squishmallows. [also seen 2026-06]
Family Dollar,Yu-Gi-Oh,confirmed,first_party_or_sighting,strong,2025-01,https://www.reddit.com/r/yugiohshowcase/comments/w8q8jp/1_pack_from_family_dollar/,manus,User found $1 packs. [also seen 2025-01]
Five Below,NeeDoh,confirmed,first_party_or_sighting,first_party,2026-06,gpt-5.5,gpt-5.5,
Five Below,Pokemon TCG,confirmed,first_party_or_sighting,first_party,2026-06,"https://www.fivebelow.com/categories/toys-and-games/blind-bags-and-collectibles/trading-cards, https://www.fivebelow.com/categories/top-brands/pokemon",manus,Mentioned on official product page.
Five Below,Sports Cards,confirmed,first_party_or_sighting,first_party,2026-06,"https://www.fivebelow.com/products/topps-2025-major-league-baseball-series-one-cards-booster-pack--styles-may-vary--9194193, https://www.fivebelow.com/products/2024-nfl-panini-przm-trading-card-booster-pack-9170434",manus,Mentioned on official product page.
Five Below,Squishmallows,confirmed,first_party_or_sighting,first_party,2026-06,https://www.fivebelow.com/categories/toys-and-games/stuffed-animals/squishmallows,manus,Mentioned on official product page.
Five Below,Yu-Gi-Oh,confirmed,first_party_or_sighting,first_party,2026-06,https://www.fivebelow.com/products/yu-gi-oh-duelists-advance-trading-card-game-pack-9244183,manus,Mentioned on official product page.
Fleet Farm,NeeDoh,confirmed,first_party_or_sighting,strong,2026-06,https://www.tiktok.com/discover/farm-and-fleet-needoh,manus,TikTok video showing NeeDoh products at Farm and Fleet.
Fleet Farm,Pokemon TCG,confirmed,first_party_or_sighting,strong,2026-03,https://www.reddit.com/r/PokemonTCG/comments/1ih602r/fleet_farm_silver_tempest_for_399/,manus,Reddit post discussing Silver Tempest packs. [also seen 2026-03]
Fleet Farm,Sports Cards,confirmed,first_party_or_sighting,strong,2026-04,https://www.facebook.com/groups/sportscardsnonsense/posts/1588187872165875/,manus,Facebook post confirming sports cards in stock. [also seen 2026-04]
GameStop,Disney Lorcana,confirmed,first_party_or_sighting,first_party,2026-06,https://www.gamestop.com/toys-games/trading-cards/disney-lorcana,manus,Official website lists Disney Lorcana products.
GameStop,Magic: The Gathering,confirmed,first_party_or_sighting,first_party,2026-06,https://www.gamestop.com/toys-games/trading-cards/magic-the-gathering-cards,manus,Official website lists Magic: The Gathering products.
GameStop,One Piece TCG,confirmed,first_party_or_sighting,first_party,2026-06,https://www.gamestop.com/toys-games/trading-cards/one-piece-trading-cards?pmax=25.00&pmin=10.00&prefn1=brand&prefn2=bvConsolidatedRating&prefn3=franchise&prefv1=Bandai&prefv2=2%26up&prefv3=One%20Piece,manus,Official website lists One Piece TCG products.
GameStop,Pokemon TCG,confirmed,first_party_or_sighting,first_party,2026-06,https://www.gamestop.com/toys-games/trading-cards?prefn1=franchise&prefv1=Pokemon,manus,Official website lists Pokemon TCG products.
GameStop,Sports Cards,confirmed,first_party_or_sighting,first_party,2026-06,https://www.gamestop.com/toys-games/trading-cards,manus,Official website lists Sports Cards.
GameStop,Squishmallows,confirmed,first_party_or_sighting,first_party,2026-06,https://www.gamestop.com/toys-games/toys/stuffed-animals/products/squishmallows-10-inch-plush-assortment/2000000.html,manus,Official website lists Squishmallows products.
GameStop,Yu-Gi-Oh,confirmed,first_party_or_sighting,first_party,2026-06,https://www.gamestop.com/toys-games/trading-cards,manus,Official website lists Yu-Gi-Oh products.
Giant Eagle,Disney Lorcana,confirmed,first_party_or_sighting,strong,2026-02,https://www.instagram.com/reel/DUw2eAzjEPW/,manus,"Instagram reel mentions giving away free Lorcana booster packs, implying carry status."
Giant Eagle,NeeDoh,confirmed,first_party_or_sighting,strong,2026-06,https://www.tiktok.com/discover/needohs-at-giant-eagle,manus,"TikTok search result explicitly mentions ""Needohs at Giant Eagle""."
Giant Eagle,One Piece TCG,likely,stale_sighting,strong,2024-10,https://www.facebook.com/groups/1006060197306320/posts/1298290798083257/,manus,Facebook post in a One Piece TCG community group suggests stocking up at Giant Eagle.
Giant Eagle,Pokemon TCG,confirmed,first_party_or_sighting,strong,2026-02,https://www.tiktok.com/@chrisroyalecr/video/7494521442286030110,manus,"TikTok video shows genuine Pokemon TCG products (Prismatic Evolutions, Paldean Fates, Paldea Evolved, Destin Rivals) available at Giant Eagle. [also seen 2026-02]"
Giant Eagle,Sports Cards,likely,stale_sighting,strong,2021-09,https://www.youtube.com/watch?v=o8xcC7ytgaI,manus,"YouTube video titled ""I FOUND BASEBALL CARDS AT THE SUPERMARKET!"" implies sports cards are sold at supermarkets, potentially Giant Eagle."
Giant Eagle,Squishmallows,confirmed,first_party_or_sighting,strong,2026-06,https://www.tiktok.com/discover/squishmallows-at-giant-eagle,manus,"TikTok search result explicitly mentions ""Squishmallows at Giant Eagle""."
Giant Eagle,Yu-Gi-Oh,likely,stale_sighting,strong,2021-05,https://www.youtube.com/watch?v=eQq4PAq8Jv0,manus,"YouTube video titled ""Yu-Gi-Oh! Giant Eagle Bulk Opening!!"" suggests Yu-Gi-Oh products were available at Giant Eagle."
Hallmark Gold Crown,Squishmallows,likely,stale_sighting,strong,2022-02,https://www.facebook.com/HallmarkCrownCenter/photos/a.660861040912879/1610312475967726/?type=3&locale=zh_CN,manus,Facebook post from Hallmark Crown Center mentioning Easter Squishmallows available in stores and online.
Hibbett Sports,Disney Lorcana,confirmed,first_party_or_sighting,strong,2026-06,https://www.yelp.com/biz/hibbett-sports-moreno-valley,manus,"Yelp review for Hibbett Sports in Moreno Valley, CA, explicitly lists Disney Lorcana."
Hibbett Sports,Magic: The Gathering,confirmed,first_party_or_sighting,strong,2026-06,https://www.yelp.com/biz/hibbett-sports-moreno-valley,manus,"Yelp review for Hibbett Sports in Moreno Valley, CA, explicitly lists Magic: The Gathering."
Hibbett Sports,One Piece TCG,confirmed,first_party_or_sighting,strong,2026-06,https://www.yelp.com/biz/hibbett-sports-moreno-valley,manus,"Yelp review for Hibbett Sports in Moreno Valley, CA, explicitly lists One Piece TCG."
Hibbett Sports,Pokemon TCG,confirmed,first_party_or_sighting,strong,2026-05,https://shop.tiktok.com/us/k/hibbett-sporting-goods-coupons,manus,"TikTok Shop listing for ""Pokemon TCG: Chaos Rising Booster Bundle"" associated with Hibbett Sporting Goods."
Hibbett Sports,Sports Cards,confirmed,first_party_or_sighting,first_party,2026-06,https://www.instagram.com/p/DWK3s2yjUFY/,manus,Trading card event at Hibbett Sports mentioning sports cards. [also seen 2026-06]
Hibbett Sports,Squishmallows,confirmed,first_party_or_sighting,first_party,2026-06,https://www.hibbett.com/crocs-jibbitz-squishmallows-charms-5pk/G4586.html,manus,Direct product listing on Hibbett.com for Squishmallows Crocs Jibbitz.
Hibbett Sports,Yu-Gi-Oh,confirmed,first_party_or_sighting,strong,2025-09,https://www.facebook.com/groups/2782740851827133/posts/9977952708972542/,manus,Facebook post mentioning Yu-Gi-Oh in the context of a Hibbett Sports store.
Hobby Lobby,Magic: The Gathering,confirmed,first_party_or_sighting,strong,2025-10,https://www.facebook.com/groups/magicarenamtg/posts/1429042071071790/,manus,Facebook post discusses Magic: The Gathering pulls from Hobby Lobby. [also seen 2025-10]
Hobby Lobby,NeeDoh,confirmed,first_party_or_sighting,strong,2026-06,https://www.tiktok.com/@owlsomekinders/video/7618764773672373535,manus,TikTok video confirms NeeDoh-like toys stocked at Hobby Lobby. [also seen 2026-06]
Hobby Lobby,One Piece TCG,confirmed,first_party_or_sighting,strong,2026-06,https://www.tiktok.com/discover/i-found-cards-at-hobby-lobby-one-piece,manus,TikTok search result indicates One Piece cards found at Hobby Lobby.
Hobby Lobby,Pokemon TCG,confirmed,first_party_or_sighting,first_party,2026-06,https://www.hobbylobby.com/c/dc-pokemon,manus,Hobby Lobby's official website lists various Pokemon TCG products.
Hobby Lobby,Sports Cards,confirmed,first_party_or_sighting,strong,2025-01,https://www.facebook.com/groups/sportscardsnonsense/posts/1465006341150696/,manus,Facebook post confirms Hobby Lobby carries sports cards.
HomeGoods,NeeDoh,likely,first_party_or_sighting,strong,2026-04,https://www.tiktok.com/@kgo624/video/7632916730754452749,manus,"TikTok video shows a stress ball at HomeGoods, tagged with #needoh."
HomeGoods,Squishmallows,confirmed,first_party_or_sighting,strong,2025-08,https://www.tiktok.com/@squishiebishies/video/7537842978883243295,manus,TikTok video from Squishie Bishies shows Halloween finds at HomeGoods.
Hot Topic,Disney Lorcana,confirmed,distributor_inference,strong,2023-09,https://www.reddit.com/r/Lorcana/comments/16dt491/hot_topic_anyone_know_if_they_carry_lorcana_in/,manus,Hot Topic sells Disney Lorcana TCG booster packs.
Hot Topic,Magic: The Gathering,confirmed,first_party_or_sighting,strong,2026-05,https://www.reddit.com/r/sealedmtgdeals/comments/1t89c1i/sos_collector_boosters_hot_topic/,manus,Hot Topic sells genuine Magic: The Gathering booster packs.
Hot Topic,NeeDoh,confirmed,first_party_or_sighting,strong,2026-06,https://www.hottopic.com/product/needoh-nice-cube-assorted-blind-squishy-toy/34268004.html,manus,Hot Topic sells various NeeDoh products.
Hot Topic,One Piece TCG,confirmed,first_party_or_sighting,strong,2025-06,https://www.reddit.com/r/OnePieceTCG/comments/1hzpcyn/op09_in_stock_at_hot_topic_limit_5_per_order/,manus,Hot Topic sells genuine One Piece TCG booster packs.
Hot Topic,Pokemon TCG,confirmed,first_party_or_sighting,strong,2026-06,https://www.hottopic.com/product/pokemon-tcg-scarlet-violet-destined-rivals-booster-pack/34296126.html,manus,Hot Topic sells genuine Pokemon TCG booster packs.
Hot Topic,Squishmallows,confirmed,distributor_inference,strong,2022-07,https://www.reddit.com/r/squishmallow/comments/vw2n3o/are_hot_topic_exclusive_squishmallows_more/,manus,"Hot Topic sells Squishmallows, including exclusives."
Hot Topic,Yu-Gi-Oh,confirmed,first_party_or_sighting,strong,2026-06,https://www.hottopic.com/product/yu-gi-oh-playing-cards/10655418.html,manus,"Hot Topic sells Yu-Gi-Oh! playing cards, implying TCG presence."
Hy-Vee,Magic: The Gathering,confirmed,first_party_or_sighting,strong,2026-04,https://www.facebook.com/ManhattanHV/photos/pokemon-and-magic-cards-are-available-at-customer-service-we-have-a-limited-supp/1367370282096384/,manus,Magic cards available at customer service. [also seen 2026-04]
Hy-Vee,NeeDoh,confirmed,first_party_or_sighting,strong,2026-03,https://www.facebook.com/61571740717116/videos/hyvee-has-needohs-hyvee-needoh-toys-needohofficial-haul-shopping/1493729655681625/,manus,Hy-Vee carries NeeDoh products.
Hy-Vee,Pokemon TCG,confirmed,first_party_or_sighting,strong,2026-06,https://www.facebook.com/ManhattanHV/photos/pokemon-and-magic-cards-are-available-at-customer-service-we-have-a-limited-supp/1367370282096384/,manus,Pokemon cards available at customer service. [also seen 2026-06]
Hy-Vee,Sports Cards,confirmed,first_party_or_sighting,strong,2025-02,https://www.instagram.com/reel/C9SlajoJHe8/,manus,Hy-Vee exclusive trading cards (Panini) coming soon. [also seen 2025-02]
Kohl's,Disney Lorcana,confirmed,first_party_or_sighting,strong,2025-07,https://www.reddit.com/r/Lorcana/comments/1ekc5n6/kohls_will_start_to_carry_lorcana/,manus,Reddit post states Kohl's will carry Lorcana. [also seen 2025-07]
Kohl's,NeeDoh,confirmed,first_party_or_sighting,strong,2026-03,https://www.reddit.com/r/employedbykohls/comments/1s05gxw/needohs/,manus,Kohl's carries NeeDoh seasonally (Christmas) and special Easter bundles.
Kohl's,One Piece TCG,confirmed,first_party_or_sighting,strong,2026-05,https://www.tiktok.com/discover/one-piece-cards-at-kohls,manus,TikTok mentions One Piece cards at Kohl's.
Kohl's,Pokemon TCG,confirmed,first_party_or_sighting,strong,2026-04,https://www.reddit.com/r/PokemonDeals/comments/1oaynan/kohls_now_selling_pok%C3%A9mon_cards_at_msrp/,manus,Kohl's sells Mega Evolution ETBs & blister packs. [also seen 2026-04]
Kohl's,Sports Cards,confirmed,first_party_or_sighting,strong,2026-03,https://www.facebook.com/groups/sportscardsnonsense/posts/1870307090620617/,manus,Facebook post mentions finding sports cards at Kohl's.
Kohl's,Squishmallows,likely,stale_sighting,strong,2024-06,https://www.tiktok.com/@squishmallows.finds/video/7379743044047785262,manus,TikTok video shows Squishmallows at Kohl's.
Kroger,Disney Lorcana,confirmed,distributor_inference,strong,2023-09,https://www.facebook.com/groups/lorcanatcg/posts/867497041425331/,manus,Facebook post mentioning finding Lorcana cards at Krogers.
Kroger,Magic: The Gathering,confirmed,first_party_or_sighting,first_party,2026-06,https://www.kroger.com/p/magic-the-gathering-trading-card-game-outlaws-of-thunder-junction-bundle/0019516625250,manus,Kroger.com product listing for Magic: The Gathering bundle. (Date is current date as product is listed on site now)
Kroger,NeeDoh,confirmed,first_party_or_sighting,first_party,2026-06,https://www.kroger.com/p/needoh-nice-cub-fidget-toy-assorted/0001964951800,manus,Kroger.com product listing for NeeDoh fidget toy. (Date is current date as product is listed on site now)
Kroger,One Piece TCG,confirmed,first_party_or_sighting,first_party,2026-06,https://www.kroger.com/p/one-piece-tcg-straw-hat-crew-starter-deck-st-01-/0081103903836,manus,Kroger.com product listing for One Piece TCG Starter Deck. (Date is current date as product is listed on site now)
Kroger,Pokemon TCG,confirmed,first_party_or_sighting,strong,2025-12,https://www.reddit.com/r/pokemoncards/comments/1idgh8n/kroger_of_all_places_welp_i_guess_im_not_getting/,manus,Reddit post discussing finding Pokemon TCG in a Kroger vending machine. [also seen 2025-12]
Kroger,Sports Cards,confirmed,first_party_or_sighting,strong,2025-06,https://www.facebook.com/groups/sportscardsnonsense/posts/1598760211108641/,manus,Facebook post discussing sports card purchases from Kroger.
Kroger,Squishmallows,confirmed,first_party_or_sighting,strong,2025-12,https://www.facebook.com/squishmallows/videos/we-didnt-have-beef-with-kroger-but-now-we-do/1299444788251093/,manus,Facebook video from official Squishmallows page mentioning Kroger. [also seen 2025-12]
Kroger,Yu-Gi-Oh,confirmed,first_party_or_sighting,first_party,2026-06,https://www.kroger.com/p/konami-yu-gi-oh-english-edition-25th-quarter-century-bonanza-foil-pack/0008371786624,manus,Kroger.com product listing for Yu-Gi-Oh! TCG pack. (Date is current date as product is listed on site now)
Lowe's,NeeDoh,confirmed,first_party_or_sighting,strong,2026-03,https://www.tiktok.com/@thesidneyjewel/video/7615309622676671775,manus,TikTok video shows NeeDoh products at Lowe's.
Lowe's,One Piece TCG,confirmed,first_party_or_sighting,strong,2025-12,https://www.instagram.com/reel/DSIloHTkswM/,manus,Video shows One Piece TCG packs found at Lowe's.
Lowe's,Pokemon TCG,confirmed,first_party_or_sighting,strong,2025-11,https://www.pokebeach.com/forums/threads/lowe%E2%80%99s-stores-in-the-u-s-to-begin-carrying-the-pokemon-tcg.156510/,manus,"Lowe's began stocking Pokemon TCG in December 2025, including Phantasmal Flames booster packs, Prismatic Evolutions Elite Trainer Boxes, Mega Latias ex Box, Kanto Power Mini Tins, 151 Poster Collection, and Paradox Clash Tins."
Lowe's,Sports Cards,confirmed,first_party_or_sighting,strong,2026-04,https://www.reddit.com/r/sportscards/comments/1rzqirv/my_lowes_sells_cards_now/,manus,Reddit post confirms Lowe's selling sports cards.
Macy's (Toys R Us shop-in-shop),Disney Lorcana,confirmed,first_party_or_sighting,first_party,2026-06,https://www.macys.com/shop/product/disney-lorcana-into-the-inklands-booster-pack?ID=24514060,manus,Macy's website lists Disney Lorcana products.
Macy's (Toys R Us shop-in-shop),Magic: The Gathering,confirmed,first_party_or_sighting,first_party,2026-06,https://www.macys.com/shop/product/magic-the-gathering-march-of-the-machines-collector-booster-pack?ID=17041789,manus,Macy's website lists Magic: The Gathering products.
Macy's (Toys R Us shop-in-shop),NeeDoh,confirmed,first_party_or_sighting,first_party,2026-06,https://www.macys.com/shop/product/kaplan-early-learning-schylling-needoh-fun-sensory-pack-6-pieces?ID=18496678,manus,Macy's website lists NeeDoh products.
Macy's (Toys R Us shop-in-shop),One Piece TCG,confirmed,first_party_or_sighting,first_party,2026-06,https://www.macys.com/shop/product/one-piece-tcg-premium-card-collection-25th-edition?ID=20388107,manus,Macy's website lists One Piece TCG products.
Macy's (Toys R Us shop-in-shop),Pokemon TCG,confirmed,first_party_or_sighting,first_party,2026-05,https://www.instagram.com/p/DVQ8_WMAIQz/?hl=en,manus,Pre-orders for sealed product confirmed. [also seen 2026-05]
Macy's (Toys R Us shop-in-shop),Sports Cards,confirmed,first_party_or_sighting,first_party,2026-06,https://www.macys.com/shop/product/2023-bowman-platinum-baseball-factory-sealed-value-box?ID=17384801,manus,Macy's website lists sports card products.
Macy's (Toys R Us shop-in-shop),Squishmallows,confirmed,first_party_or_sighting,first_party,2026-06,https://www.macys.com/shop/toys/squishmallows?id=3000009230,manus,Macy's has a dedicated Squishmallows section on their website.
Macy's (Toys R Us shop-in-shop),Yu-Gi-Oh,confirmed,first_party_or_sighting,first_party,2026-06,https://www.macys.com/shop/product/yu-gi-oh-speed-duel-gx-duelists-of-shadows-box?ID=24514063,manus,Macy's website lists Yu-Gi-Oh products.
Meijer,Disney Lorcana,confirmed,first_party_or_sighting,first_party,2025-09,https://www.instagram.com/p/DOzaOVekvP3/,manus,Instagram post showing Lorcana packs purchased at Meijer.
Meijer,Magic: The Gathering,confirmed,distributor_inference,strong,2023-08,https://www.reddit.com/r/meijer/comments/15i8cw9/magic_the_gathering_cards_and_other_trading_cards/,manus,Reddit post confirming Magic: The Gathering cards found in the toy section and behind the counter of the media/electronic department at Meijer.
Meijer,NeeDoh,confirmed,first_party_or_sighting,first_party,2026-06,https://www.meijer.com/shopping/product/gumdrop-needoh/1964951798.html,manus,Meijer website lists NeeDoh products for sale.
Meijer,One Piece TCG,confirmed,first_party_or_sighting,first_party,2026-05,https://www.tiktok.com/shop/product/op-tcg-meijer,manus,TikTok Shop listing for One Piece TCG products at Meijer.
Meijer,Pokemon TCG,confirmed,first_party_or_sighting,first_party,2026-06,https://www.meijer.com/shopping/product/pokemon-trading-card-games-mega-kangaskhan-ex-box/19621413454.html,manus,Meijer website lists various genuine Pokemon TCG products like blisters and collections.
Meijer,Sports Cards,confirmed,first_party_or_sighting,strong,2025-08,https://www.tiktok.com/@topps/video/7537813929003666702,manus,TikTok video from Topps promoting baseball cards at Meijer.
Meijer,Squishmallows,confirmed,first_party_or_sighting,strong,2026-06,https://squishmallowsquad.fandom.com/wiki/Category:Meijer_Exclusive,manus,Squishmallows Wiki lists Meijer Exclusive products.
Meijer,Yu-Gi-Oh,confirmed,first_party_or_sighting,strong,2025-08,https://www.youtube.com/watch?v=nO_h6M3-wb4,manus,YouTube video discussing Yu-Gi-Oh Mystery Packs at Meijer. [also seen 2025-08]
Menards,Magic: The Gathering,likely,stale_sighting,strong,2024-05,https://www.facebook.com/groups/595178781644273/posts/1214061426422669/,manus,Facebook post explicitly mentioning Magic: The Gathering at Menards.
Menards,NeeDoh,confirmed,first_party_or_sighting,strong,2026-06,https://www.tiktok.com/@kobejoshops/video/7624637970234019085,manus,TikTok video showing NeeDoh hunting at Menards. [also seen 2026-06]
Menards,Pokemon TCG,confirmed,first_party_or_sighting,first_party,2026-06,https://www.menards.com/main/outdoors/outdoor-recreation/camping-rv-supplies/playing-cards/c-6506.htm,manus,Menards website lists Pokemon TCG products.
Menards,Sports Cards,confirmed,first_party_or_sighting,strong,2026-04,https://www.facebook.com/groups/sportscardsnonsense/posts/1645554213095907/,manus,Facebook post discussing Topps and Panini sports cards at Menards. [also seen 2026-04]
Menards,Squishmallows,confirmed,first_party_or_sighting,strong,2026-04,https://www.tiktok.com/discover/squishmallows-at-menards,manus,TikTok discover page with recent discussions about Squishmallows at Menards.
Michaels,Pokemon TCG,confirmed,first_party_or_sighting,first_party,2026-05,https://www.instagram.com/p/DYw-WEih02k/,manus,Instagram post confirming Michaels carries Pokemon cards in store.
Michaels,Squishmallows,confirmed,first_party_or_sighting,first_party,2026-06,https://www.michaels.com/shop/kids/toys-games/collectibles?brand=Squishmallows,manus,Michaels website lists Squishmallows under collectibles.
Micro Center,Magic: The Gathering,confirmed,first_party_or_sighting,first_party,2026-01,https://www.instagram.com/p/DNJLSDHJZ97/,manus,Instagram post mentioning MTG at Micro Center. [also seen 2026-01]
Micro Center,One Piece TCG,confirmed,first_party_or_sighting,first_party,2026-06,https://www.microcenter.com/product/698096/bandai-one-piece-card-game-card-game-starter-deck-monkeydluffy,manus,Product listing on Micro Center's website.
Micro Center,Pokemon TCG,confirmed,first_party_or_sighting,strong,2026-04,https://www.reddit.com/r/PokemonTCG/comments/1pxmdjm/micro_center_carrying_pokemon_tcg/,manus,Reddit post discussing Micro Center selling Pokemon TCG. [also seen 2026-04]
Micro Center,Yu-Gi-Oh,confirmed,first_party_or_sighting,first_party,2026-06,https://www.microcenter.com/site/products/cardsandcollectibles.aspx,manus,Micro Center's collectibles page explicitly lists Yu-Gi-Oh!.
Office Depot / OfficeMax,NeeDoh,confirmed,first_party_or_sighting,first_party,2026-06,https://www.officedepot.com/a/products/7943002/Schylling-Inc-NeeDoh-Dream-Drop-3/,manus,Office Depot lists Schylling Inc. NeeDoh Dream Drop.
Office Depot / OfficeMax,Pokemon TCG,confirmed,first_party_or_sighting,first_party,2026-06,https://www.officedepot.com/a/products/6380998/Pokmon-Trading-Card-Game-Scarlet-andamp/,manus,Office Depot lists Pokemon TCG Scarlet & Violet product.
Office Depot / OfficeMax,Squishmallows,confirmed,first_party_or_sighting,first_party,2026-06,https://www.officedepot.com/a/products/4503453/USAopoly-Clue-Squishmallows-All-Ages/,manus,Office Depot lists USAopoly Clue Squishmallows.
Ollie's Bargain Outlet,One Piece TCG,confirmed,first_party_or_sighting,strong,2026-04,https://www.tiktok.com/discover/one-piece-cards-at-ollies,manus,TikTok mentions
Ollie's Bargain Outlet,Pokemon TCG,confirmed,first_party_or_sighting,strong,2026-03,https://www.threads.com/@lunchmoneycg/post/DVi5AUVkaNc/store-restock-alert-pokemon-cards-are-starting-to-appear-at-cvs-ollies-ollies?hl=en,manus,Ascended Heroes 2-pack blisters are genuine Pokemon TCG products.
Publix,Disney Lorcana,likely,stale_sighting,strong,2023-09,https://www.facebook.com/groups/lorcanatcg/posts/867497041425331/,manus,Facebook post mentioning Publix carrying Lorcana cards.
Publix,NeeDoh,confirmed,first_party_or_sighting,strong,2026-06,https://www.tiktok.com/discover/needohs-at-publix,manus,TikTok search results page indicating NeeDoh at Publix.
Publix,One Piece TCG,confirmed,first_party_or_sighting,strong,2026-04,https://www.tiktok.com/discover/one-piece-cards-pull-in-publix,manus,TikTok search results page indicating One Piece cards at Publix.
Publix,Pokemon TCG,confirmed,first_party_or_sighting,strong,2026-02,https://www.tiktok.com/@funkofinz/video/7608230831651392781,manus,TikTok video showing Pokemon packs at Publix.
Publix,Sports Cards,confirmed,first_party_or_sighting,strong,2025-06,https://www.facebook.com/groups/sportscardsnonsense/posts/1354951762156155/,manus,Facebook post mentioning finding sports cards at Publix.
Publix,Squishmallows,likely,stale_sighting,strong,2022-03,https://www.reddit.com/r/squishmallow/comments/tpv3z7/curse_publix_for_not_having_squishmallows_yet_why/,manus,"Reddit post from 2022 indicating Publix did not carry Squishmallows, but other grocery stores did, suggesting potential for future carry."
Ross Dress for Less,Disney Lorcana,confirmed,first_party_or_sighting,strong,2026-01,https://www.facebook.com/groups/lorcanatcg/posts/1464032898438406/,manus,Lorcana figure found
Ross Dress for Less,Magic: The Gathering,confirmed,first_party_or_sighting,strong,2026-06,https://www.facebook.com/groups/magicarenamtg/posts/1496306731011990/,manus,MTG items found in store [also seen 2026-06]
Ross Dress for Less,NeeDoh,confirmed,first_party_or_sighting,strong,2026-06,https://www.tiktok.com/@maridoll_/video/7616804221911944478,manus,NeeDoh found at Ross [also seen 2026-06]
Ross Dress for Less,One Piece TCG,confirmed,first_party_or_sighting,strong,2026-02,https://www.tiktok.com/@thesidneyjewel/video/7609010063587511583,manus,One Piece TCG mentioned in video
Ross Dress for Less,Pokemon TCG,confirmed,user_confirmed,first_party,2026-04,https://www.instagram.com/p/DW7QDbnEiKv/,manus,"Prismatic Evolutions Surprise Box, 151 Ultra Premium Collection"
Ross Dress for Less,Sports Cards,confirmed,first_party_or_sighting,first_party,2026-06,https://www.instagram.com/p/DZYHWiCG_14/,manus,"Topps, Prizim and Panini products"
Ross Dress for Less,Squishmallows,confirmed,first_party_or_sighting,strong,2026-06,https://www.tiktok.com/@sierrachris1/video/7649212257162874126,manus,Squishy Toys Found at Ross (NeeDoh and Squishmallows)
Ross Dress for Less,Yu-Gi-Oh,confirmed,first_party_or_sighting,strong,2025-08,https://www.tiktok.com/@arcetoys/video/7536007632792948023,manus,Yu-Gi-Oh merchandise
Sam's Club,Disney Lorcana,likely,stale_sighting,strong,2024-12,https://www.facebook.com/groups/lorcanatcg/posts/1147277160113983/,manus,User purchased 14 packs of Disney Lorcana from Sam's Club.
Sam's Club,Magic: The Gathering,confirmed,first_party_or_sighting,first_party,2026-06,https://www.samsclub.com/ip/magic-the-gathering-duskmourn-haunts-horros-commander-pack/17217658571,manus,Magic: The Gathering Duskmourn Haunts & Horrors Commander Pack listed on Sam's Club website.
Sam's Club,Pokemon TCG,confirmed,first_party_or_sighting,first_party,2026-06,https://www.samsclub.com/ip/pokemon-surprise-box-booster-bundle/18933156288,manus,Pokemon Surprise Box + Booster Bundle listed on Sam's Club website.
Sam's Club,Sports Cards,confirmed,first_party_or_sighting,first_party,2026-06,https://www.samsclub.com/ip/panini-absolute-football-trading-cards-bundle/17748419985,manus,Panini Absolute Football Trading Cards Bundle listed on Sam's Club website.
Scheels,Disney Lorcana,likely,stale_sighting,strong,2024-12,https://www.facebook.com/groups/lorcanatcg/posts/1154502002724832/,manus,"Facebook post confirms Scheels in Eden Prairie, MN, has Disney Lorcana TCG."
Scheels,Magic: The Gathering,confirmed,first_party_or_sighting,first_party,2026-06,https://www.scheels.com/c/all/b/magic%3A%20the%20gathering/,manus,Scheels website lists Magic: The Gathering products.
Scheels,NeeDoh,confirmed,first_party_or_sighting,first_party,2026-06,https://www.scheels.com/c/all/b/needoh/,manus,Scheels website lists NeeDoh products.
Scheels,Pokemon TCG,confirmed,first_party_or_sighting,first_party,2026-04,https://www.instagram.com/p/DW15kAej1db/,manus,Mentions Ascended Heroes ETBs and Mini Tins in stock.
Scheels,Sports Cards,confirmed,first_party_or_sighting,first_party,2026-06,https://www.scheels.com/c/sports-cards/,manus,"Scheels website lists Sports Cards, including Panini and Topps."
Scheels,Yu-Gi-Oh,confirmed,first_party_or_sighting,first_party,2026-06,https://www.instagram.com/p/DZIQNjJEfJt/,manus,Instagram post mentions Yu-Gi-Oh at Scheels Arena event.
Sheetz,Magic: The Gathering,likely,stale_sighting,strong,2022-04,https://www.tiktok.com/@sheetz/video/7090533849456774443,manus,Sheetz official TikTok shows Magic: The Gathering products.
Sheetz,Pokemon TCG,confirmed,first_party_or_sighting,strong,2026-05,https://www.tiktok.com/@the.dew.boys/video/7556335856118680863,manus,TikTok confirms Sheetz has new Pokemon sets. [also seen 2026-05]
Spencer's,NeeDoh,confirmed,first_party_or_sighting,first_party,2026-02,https://www.spencersonline.com/product/needoh-gumdrop-squishy-toy/290693.uts; https://www.tiktok.com/@spencers/video/7620902105175444750; https://www.facebook.com/ShopNorthparkMS/videos/the-oddly-satisfying-cant-put-it-down-fun-you-didnt-know-you-needed/1223029733238975/; https://www.instagram.com/p/DWkCJqBktRc/?hl=en,manus,Multiple sources including Spencer's website and social media confirm the sale of NeeDoh products.
Spencer's,Pokemon TCG,likely,first_party_or_sighting,first_party,2026-04,https://www.instagram.com/reel/DXhu19Hiey5/?hl=en; https://www.tiktok.com/@spencers/video/7632417721803672845; https://www.spencersonline.com/product/pok-mon-scarlet-violet-trading-cards/253944.uts,manus,"Spencer's sells 'Pokémon Scarlet & Violet Trading Cards' described as 'mystery pack' with 10 cards for $9.99, suggesting repacks rather than genuine sealed products. Social media posts confirm general Pokemon card availability."
Staples,NeeDoh,confirmed,first_party_or_sighting,first_party,2026-06,https://www.staples.com/schylling-needoh-the-groovy-glob-stress-ball-assorted-colors-ndxx/product_2836863,manus,"Staples.com lists ""Schylling NeeDoh The Groovy Glob Stress Ball""."
Staples,Pokemon TCG,likely,first_party_or_sighting,strong,2026-05,https://www.facebook.com/groups/934178940758477/posts/2163595667816792/,manus,"Facebook post mentions ""Perfect Order Pokemon card packs"" for $10."
Staples,Squishmallows,confirmed,first_party_or_sighting,first_party,2026-06,https://www.staples.com/squishmallows/directory_squishmallows,manus,Staples.com search results show Squishmallows products.
Target,Disney Lorcana,confirmed,first_party_or_sighting,first_party,2026-06,gpt-5.5,gpt-5.5,
Target,Magic: The Gathering,confirmed,first_party_or_sighting,first_party,2026-06,https://www.target.com/s?searchTerm=Magic%3A+The+Gathering,manus,Target's official website lists Magic: The Gathering products.
Target,NeeDoh,confirmed,first_party_or_sighting,first_party,2026-06,https://www.target.com/s?searchTerm=NeeDoh,manus,Target's official website lists NeeDoh products.
Target,One Piece TCG,confirmed,first_party_or_sighting,first_party,2026-06,https://www.target.com/s?searchTerm=One+Piece+TCG,manus,Target's official website lists One Piece TCG products.
Target,Pokemon TCG,confirmed,first_party_or_sighting,authoritative,2026-06,https://corporate.target.com/news-features/article/2025/09/trading-cards,manus,Target corporate statement confirms carrying trading cards including Pokemon. [also seen 2026-06]
Target,Sports Cards,confirmed,first_party_or_sighting,first_party,2026-06,https://www.target.com/s?searchTerm=Sports+Cards,manus,Target's official website lists Sports Cards from Topps and Panini.
Target,Squishmallows,confirmed,first_party_or_sighting,first_party,2026-06,https://www.target.com/s?searchTerm=Squishmallows,manus,Target's official website lists numerous Squishmallows products.
Target,Yu-Gi-Oh,confirmed,first_party_or_sighting,first_party,2026-06,https://www.target.com/s?searchTerm=Yu-Gi-Oh,manus,Target's official website lists Yu-Gi-Oh! Trading Card Game products.
Tokyo Japanese Lifestyle / Maido,NeeDoh,confirmed,first_party_or_sighting,strong,2026-04,https://www.instagram.com/reel/DWmoT4hiNsN/,manus,Instagram reel shows NeeDoh blind boxes in stock.
Tokyo Japanese Lifestyle / Maido,One Piece TCG,likely,first_party_or_sighting,strong,2026-05,https://www.instagram.com/reel/DZASVa7TvXM/,manus,Instagram reel from 'tokyohobbycenter' shows One Piece TCG in Tokyo. Implies potential availability in US stores.
Tokyo Japanese Lifestyle / Maido,Pokemon TCG,confirmed,first_party_or_sighting,first_party,2025-12,https://www.instagram.com/p/DR5__6DEQCu/,manus,Instagram post confirms Korean Pokemon cards and binders.
Tractor Supply,Pokemon TCG,confirmed,first_party_or_sighting,strong,2026-06,https://www.instagram.com/reel/DVFee4wjvUB/,manus,Fusion Strike Booster Bundles were exclusively available at Tractor Supply on March 13th. [also seen 2026-06]
Tractor Supply,Sports Cards,likely,stale_sighting,strong,2024-01,https://www.reddit.com/r/baseballcards/comments/19ex70p/2023_tsc_roughed_up_cards_from_hobby_boxes/,manus,Mentions of
Walgreens,Disney Lorcana,confirmed,distributor_inference,strong,2024-09,https://www.reddit.com/r/Lorcana/comments/1ettobd/just_going_to_get_a_drink_at_walgreens/,manus,Reddit user found Lorcana at Walgreens. [also seen 2024-09]
Walgreens,Magic: The Gathering,confirmed,first_party_or_sighting,strong,2026-06,"https://www.walgreens.com/store/c/productlist/card-games-wizards-of-the-coast,-inc/N=361013-375711",manus,Walgreens.com lists Wizards of the Coast (MTG publisher) card games.
Walgreens,NeeDoh,confirmed,first_party_or_sighting,strong,2026-06,https://www.walgreens.com/store/c/productlist/N=9000159832/1/Brands=yes,manus,Walgreens.com lists NeeDoh products.
Walgreens,One Piece TCG,confirmed,first_party_or_sighting,strong,2025-11,https://www.reddit.com/r/OnePieceTCG/comments/17en8w1/walgreens_is_now_stocking_one_piece_tcg/,manus,Reddit post confirms Walgreens stocking One Piece TCG. [also seen 2025-11]
Walgreens,Pokemon TCG,confirmed,first_party_or_sighting,strong,2026-06,https://www.walgreens.com/store/c/productlist/pokemon-trading-cards/N=20001439-2672,manus,Walgreens.com lists various Pokemon TCG products.
Walgreens,Sports Cards,confirmed,first_party_or_sighting,strong,2026-06,https://www.walgreens.com/store/c/productlist/topps-trading-cards/N=20001439-3880,manus,Walgreens.com lists Topps trading cards.
Walgreens,Squishmallows,confirmed,first_party_or_sighting,strong,2026-06,https://www.walgreens.com/store/c/productlist/N=9000159832/1/Brands=yes,manus,Walgreens.com lists Squishmallows.
Walgreens,Yu-Gi-Oh,confirmed,first_party_or_sighting,strong,2025-02,https://www.reddit.com/r/yugioh/comments/14qvaph/i_was_amazed_by_how_expensive_walgreens_is_making/,manus,Reddit post mentions Yu-Gi-Oh structure decks at Walgreens. [also seen 2025-02]
Walmart,Disney Lorcana,confirmed,first_party_or_sighting,strong,2025-03,https://www.tiktok.com/@thesodabrotcg/video/7485642839448210730,manus,TikTok video showing Lorcana products at Walmart
Walmart,Magic: The Gathering,confirmed,first_party_or_sighting,first_party,2026-06,https://www.walmart.com/browse/collectibles/magic-the-gathering-trading-cards/5967908_9807313_1433259,manus,Walmart.com product listings for various Magic: The Gathering products
Walmart,NeeDoh,confirmed,first_party_or_sighting,strong,2026-04,https://www.facebook.com/Walmart2266/photos/-nee-doh-alert-they-are-finally-back-in-stock-at-walmart-the-viral-squishy-sensa/1463021772503562/,manus,Walmart Facebook post announcing NeeDoh restock
Walmart,One Piece TCG,confirmed,first_party_or_sighting,first_party,2026-06,https://www.instagram.com/p/DZbQWCsN3O-/,manus,Instagram post showing new One Piece TCG release in stock at Walmart
Walmart,Pokemon TCG,confirmed,first_party_or_sighting,first_party,2026-06,https://www.walmart.com/browse/collectibles/pokemon-cards/5967908_9807313_4252400,manus,"Walmart.com product listings for various sealed Pokemon TCG products (Booster Bundles, ETBs, Display Boxes, Premium Collections, League Battle Decks)"
Walmart,Sports Cards,confirmed,first_party_or_sighting,first_party,2026-06,https://www.walmart.com/browse/collectibles/sports-trading-cards/topps-panini/5967908_9807313_3716048/YnJhbmQ6VG9wcHMsIFBhbmluaQieie,manus,Walmart.com product listings for Topps and Panini sports cards
Walmart,Squishmallows,confirmed,first_party_or_sighting,first_party,2026-06,https://www.walmart.com/brand/squishmallows/10018176,manus,Walmart.com brand page for Squishmallows
Walmart,Yu-Gi-Oh,confirmed,first_party_or_sighting,first_party,2026-06,https://www.walmart.com/browse/collectibles/yugioh-cards/5967908_9807313_4078080,manus,Walmart.com product listings for Yu-Gi-Oh cards
Wawa,NeeDoh,confirmed,first_party_or_sighting,strong,2026-05,https://www.instagram.com/reel/DZA4xjvBBGT/,manus,Instagram reel showing NeeDoh Squishys in Wawa Claw machines.
Wawa,Pokemon TCG,likely,stale_sighting,strong,2022-05,https://www.facebook.com/wawa/photos/-its-time-to-go-catch-brand-new-pok%C3%A9mon-cards-at-your-wawa-today/10158925269503481/,manus,Official Wawa Facebook post announcing Pokemon cards.
Wawa,Sports Cards,likely,stale_sighting,first_party,2022-05,https://www.instagram.com/p/CcjT7eLMc-G/?hl=en,manus,Instagram post by @wawa announcing carrying Topps products. [also seen 2022-05]
Wegmans,Magic: The Gathering,confirmed,first_party_or_sighting,first_party,2025-01,https://www.instacart.com/store/wegmans/s?k=magic+gathering+booster+pack; https://www.facebook.com/groups/magicarenamtg/posts/1609919389650723/,manus,Instacart lists Magic: The Gathering booster packs. Facebook post also mentions carrying MTG cards.
Wegmans,NeeDoh,confirmed,first_party_or_sighting,first_party,2026-06,https://www.instacart.com/products/20687557-schylling-nee-doh-stress-ball-each?retailerSlug=wegmans,manus,Instacart lists NeeDoh products for Wegmans.
Wegmans,Pokemon TCG,likely,stale_sighting,strong,2024-06,https://www.reddit.com/r/wegmans/comments/1e7asjl/my_wegmans_location_started_selling_pokemon_cards/,manus,"Reddit post confirms Wegmans selling Pokemon TCG, specifically Twilight Masquerades. Instacart also lists Pokemon TCG products."
Wegmans,Sports Cards,likely,stale_sighting,strong,2024-06,https://www.facebook.com/groups/sportscardsnonsense/posts/1299786001006065/,manus,Facebook post confirms Wegmans selling sports cards.
